id_transaction, client_nom, client_age, client_ville, produit_nom     , produit_categorie, produit_marque, prix_catalogue, magasin_nom   , magasin_type, magasin_region      , date_vente, quantite, montant_total
           1.0, alice     ,       25.0, paris       , ordinateur      , informatique     , dell          ,          800.0, boutique lyon , physique    , auvergne-rhône-alpes, 2023-03-12,        2,        1600.0
           2.0, bob       ,       34.0, lyon        , smartphone      , téléphonie       , apple         ,         1200.0, boutique lyon , physique    , auvergne-rhône-alpes, 2023-01-27,        5,        6000.0
           3.0, alice     ,       25.0, paris       , montre connectée, accessoires      , garmin        ,          300.0, e-shop        , en ligne    , national            , 2023-01-09,        1,         300.0
           4.0, alice     ,       25.0, paris       , smartphone      , téléphonie       , apple         ,         1200.0, boutique paris, physique    , île-de-france       , 2023-05-10,        5,        6000.0
           5.0, alice     ,       25.0, paris       , montre connectée, accessoires      , garmin        ,          300.0, boutique paris, physique    , île-de-france       , 2023-06-16,        5,        1500.0
           6.0, david     ,       40.0, bordeaux    , smartphone      , téléphonie       , apple         ,         1200.0, e-shop        , en ligne    , national            , 2023-05-31,        3,        3600.0
           7.0, alice     ,       25.0, paris       , smartphone      , téléphonie       , apple         ,         1200.0, boutique lyon , physique    , auvergne-rhône-alpes, 2023-04-19,        3,        3600.0
           8.0, charlie   ,       29.0, marseille   , smartphone      , téléphonie       , apple         ,         1200.0, boutique paris, physique    , île-de-france       , 2023-03-28,        1,        1200.0
           9.0, alice     ,       25.0, paris       , tablette        , informatique     , samsung       ,          600.0, boutique paris, physique    , île-de-france       , 2023-04-02,        3,        1800.0
          10.0, emma      ,       31.0, toulouse    , casque audio    , accessoires      , sony          ,          150.0, boutique paris, physique    , île-de-france       , 2023-04-28,        5,         750.0
          11.0, alice     ,       25.0, paris       , tablette        , informatique     , samsung       ,          600.0, boutique paris, physique    , île-de-france       , 2023-05-22,        3,        1800.0
          13.0, alice     ,       25.0, paris       , smartphone      , téléphonie       , apple         ,         1200.0, e-shop        , en ligne    , national            , 2023-01-21,        2,        2400.0
          14.0, alice     ,       25.0, paris       , tablette        , informatique     , samsung       ,          600.0, e-shop        , en ligne    , national            , 2023-04-27,        3,        1800.0
          15.0, bob       ,       34.0, lyon        , casque audio    , accessoires      , sony          ,          150.0, e-shop        , en ligne    , national            , 2023-02-23,        3,         450.0
          16.0, alice     ,       25.0, paris       , montre connectée, accessoires      , garmin        ,          300.0, boutique lyon , physique    , auvergne-rhône-alpes, 2023-02-13,        5,        1500.0
          18.0, emma      ,       31.0, toulouse    , smartphone      , téléphonie       , apple         ,         1200.0, boutique lyon , physique    , auvergne-rhône-alpes, 2023-03-25,        1,        1200.0
          19.0, bob       ,       34.0, lyon        , ordinateur      , informatique     , dell          ,          800.0, e-shop        , en ligne    , national            , 2023-04-13,        3,        2400.0
          20.0, alice     ,       25.0, paris       , smartphone      , téléphonie       , apple         ,          850.0, boutique lyon , physique    , auvergne-rhône-alpes, 2023-03-22,        2,        1700.0
          21.0, david     ,       40.0, bordeaux    , tablette        , informatique     , samsung       ,          600.0, boutique lyon , physique    , auvergne-rhône-alpes, 2023-04-28,        2,        1200.0
          22.0, charlie   ,       29.0, marseille   , smartphone      , téléphonie       , apple         ,         1200.0, boutique paris, physique    , île-de-france       , 2023-05-24,        5,        6000.0
          23.0, charlie   ,       29.0, marseille   , montre connectée, accessoires      , garmin        ,          300.0, e-shop        , en ligne    , national            , 2023-05-30,        4,        1200.0
          24.0, charlie   ,       29.0, marseille   , smartphone      , téléphonie       , apple         ,         1200.0, boutique paris, physique    , île-de-france       , 2023-05-11,        4,        4800.0
          25.0, alice     ,       25.0, paris       , ordinateur      , informatique     , dell          ,          800.0, boutique paris, physique    , île-de-france       , 2023-02-09,        2,        1600.0
          26.0, david     ,       40.0, bordeaux    , montre connectée, accessoires      , garmin        ,          300.0, boutique paris, physique    , île-de-france       , 2023-04-09,        4,        1200.0
          27.0, emma      ,       31.0, toulouse    , tablette        , informatique     , samsung       ,          600.0, boutique lyon , physique    , auvergne-rhône-alpes, 2023-03-06,        5,        3000.0
          28.0, alice     ,       25.0, paris       , ordinateur      , informatique     , dell          ,          800.0, boutique lyon , physique    , auvergne-rhône-alpes, 2023-05-18,        3,        2400.0
          29.0, charlie   ,       29.0, marseille   , ordinateur      , informatique     , dell          ,          800.0, e-shop        , en ligne    , national            , 2023-04-22,        2,        1600.0
          30.0, david     ,       40.0, bordeaux    , ordinateur      , informatique     , dell          ,          800.0, boutique lyon , physique    , auvergne-rhône-alpes, 2023-03-09,        5,        4000.0
          31.0, bob       ,       34.0, lyon        , montre connectée, accessoires      , garmin        ,          300.0, boutique paris, physique    , île-de-france       , 2023-06-10,        3,         900.0
          32.0, emma      ,       31.0, toulouse    , montre connectée, accessoires      , garmin        ,          300.0, boutique paris, physique    , île-de-france       , 2023-02-09,        3,         900.0
          33.0, bob       ,       34.0, lyon        , montre connectée, accessoires      , garmin        ,          300.0, boutique lyon , physique    , auvergne-rhône-alpes, 2023-01-01,        5,        1500.0
          34.0, charlie   ,       29.0, marseille   , tablette        , informatique     , samsung       ,          600.0, boutique paris, physique    , île-de-france       , 2023-01-29,        3,        1800.0
          35.0, charlie   ,       29.0, marseille   , smartphone      , téléphonie       , apple         ,         1200.0, boutique paris, physique    , île-de-france       , 2023-03-03,        5,        6000.0
          36.0, alice     ,       25.0, paris       , ordinateur      , informatique     , dell          ,          800.0, boutique lyon , physique    , auvergne-rhône-alpes, 2023-05-05,        1,         800.0
          37.0, emma      ,       31.0, toulouse    , smartphone      , téléphonie       , apple         ,         1200.0, boutique paris, physique    , île-de-france       , 2023-06-18,        4,        4800.0
          38.0, emma      ,       31.0, toulouse    , smartphone      , téléphonie       , apple         ,         1200.0, e-shop        , en ligne    , national            , 2023-05-16,        5,        6000.0
          39.0, david     ,       40.0, bordeaux    , smartphone      , téléphonie       , apple         ,         1200.0, boutique lyon , physique    , auvergne-rhône-alpes, 2023-06-26,        2,        2400.0
          40.0, charlie   ,       29.0, marseille   , tablette        , informatique     , samsung       ,          600.0, boutique lyon , physique    , auvergne-rhône-alpes, 2023-06-16,        3,        1800.0
          41.0, david     ,       40.0, bordeaux    , montre connectée, accessoires      , garmin        ,          300.0, e-shop        , en ligne    , national            , 2023-01-31,        2,         600.0
          42.0, bob       ,       34.0, lyon        , ordinateur      , informatique     , dell          ,          800.0, e-shop        , en ligne    , national            , 2023-01-06,        5,        4000.0
          43.0, emma      ,       31.0, toulouse    , smartphone      , téléphonie       , apple         ,         1200.0, boutique lyon , physique    , auvergne-rhône-alpes, 2023-02-26,        1,        1200.0
          44.0, alice     ,       25.0, paris       , ordinateur      , informatique     , dell          ,          800.0, boutique paris, physique    , île-de-france       , 2023-01-18,        1,         800.0
          45.0, charlie   ,       29.0, marseille   , ordinateur      , informatique     , dell          ,          800.0, boutique lyon , physique    , auvergne-rhône-alpes, 2023-03-02,        3,        2400.0
          46.0, david     ,       40.0, bordeaux    , smartphone      , téléphonie       , apple         ,         1200.0, boutique lyon , physique    , auvergne-rhône-alpes, 2023-02-03,        5,        6000.0
          47.0, emma      ,       31.0, toulouse    , tablette        , informatique     , samsung       ,          600.0, boutique paris, physique    , île-de-france       , 2023-05-02,        4,        2400.0
          48.0, bob       ,       34.0, lyon        , ordinateur      , informatique     , dell          ,          800.0, boutique paris, physique    , île-de-france       , 2023-06-18,        4,        3200.0
          49.0, charlie   ,       29.0, marseille   , tablette        , informatique     , samsung       ,          600.0, e-shop        , en ligne    , national            , 2023-04-30,        1,         600.0
          50.0, alice     ,       25.0, paris       , ordinateur      , informatique     , dell          ,          800.0, e-shop        , en ligne    , national            , 2023-03-28,        1,         800.0
          51.0, bob       ,       34.0, lyon        , smartphone      , téléphonie       , apple         ,         1200.0, boutique paris, physique    , île-de-france       , 2023-05-18,        4,        4800.0
          52.0, bob       ,       34.0, lyon        , tablette        , informatique     , samsung       ,          600.0, boutique paris, physique    , île-de-france       , 2023-03-13,        4,        2400.0
          53.0, bob       ,       34.0, lyon        , ordinateur      , informatique     , dell          ,          800.0, e-shop        , en ligne    , national            , 2023-05-21,        1,         800.0
          54.0, alice     ,       25.0, paris       , montre connectée, accessoires      , garmin        ,          300.0, boutique paris, physique    , île-de-france       , 2023-01-24,        2,         600.0
          55.0, bob       ,       34.0, lyon        , tablette        , informatique     , samsung       ,          600.0, e-shop        , en ligne    , national            , 2023-05-04,        2,        1200.0
          56.0, david     ,       40.0, bordeaux    , ordinateur      , informatique     , dell          ,          800.0, boutique paris, physique    , île-de-france       , 2023-04-08,        1,         800.0
          57.0, david     ,       40.0, bordeaux    , casque audio    , accessoires      , sony          ,          150.0, e-shop        , en ligne    , national            , 2023-03-15,        4,         600.0
          59.0, bob       ,       34.0, lyon        , ordinateur      , informatique     , dell          ,          800.0, boutique lyon , physique    , auvergne-rhône-alpes, 2023-05-19,        1,         800.0
          60.0, charlie   ,       29.0, marseille   , ordinateur      , informatique     , dell          ,          800.0, boutique paris, physique    , île-de-france       , 2023-05-30,        4,        3200.0
          61.0, emma      ,       31.0, toulouse    , montre connectée, accessoires      , garmin        ,          300.0, boutique paris, physique    , île-de-france       , 2023-01-15,        5,        1500.0
          62.0, alice     ,       25.0, paris       , smartphone      , téléphonie       , apple         ,         1200.0, boutique paris, physique    , île-de-france       , 2023-06-02,        1,        1200.0
          63.0, bob       ,       34.0, lyon        , tablette        , informatique     , samsung       ,          600.0, boutique paris, physique    , île-de-france       , 2023-05-26,        2,        1200.0
          65.0, david     ,       40.0, bordeaux    , montre connectée, accessoires      , garmin        ,          300.0, boutique lyon , physique    , auvergne-rhône-alpes, 2023-05-14,        3,         900.0
          66.0, charlie   ,       29.0, marseille   , smartphone      , téléphonie       , apple         ,         1200.0, boutique lyon , physique    , auvergne-rhône-alpes, 2023-03-22,        2,        2400.0
          67.0, charlie   ,       29.0, marseille   , tablette        , informatique     , samsung       ,          600.0, boutique paris, physique    , île-de-france       , 2023-06-21,        3,        1800.0
          68.0, david     ,       40.0, bordeaux    , casque audio    , accessoires      , sony          ,          150.0, boutique paris, physique    , île-de-france       , 2023-01-03,        4,         600.0
          69.0, emma      ,       31.0, toulouse    , montre connectée, accessoires      , garmin        ,          300.0, boutique paris, physique    , île-de-france       , 2023-01-19,        5,        1500.0
          70.0, bob       ,       34.0, lyon        , montre connectée, accessoires      , garmin        ,          300.0, e-shop        , en ligne    , national            , 2023-02-03,        3,         900.0
          71.0, alice     ,       25.0, paris       , smartphone      , téléphonie       , apple         ,         1200.0, e-shop        , en ligne    , national            , 2023-03-14,        2,        2400.0
          72.0, david     ,       40.0, bordeaux    , montre connectée, accessoires      , garmin        ,          300.0, boutique lyon , physique    , auvergne-rhône-alpes, 2023-03-19,        5,        1500.0
          73.0, emma      ,       31.0, toulouse    , ordinateur      , informatique     , dell          ,          800.0, boutique lyon , physique    , auvergne-rhône-alpes, 2023-05-22,        3,        2400.0
          74.0, alice     ,       25.0, paris       , smartphone      , téléphonie       , apple         ,         1200.0, e-shop        , en ligne    , national            , 2023-01-30,        1,        1200.0
          75.0, emma      ,       31.0, toulouse    , smartphone      , téléphonie       , apple         ,         1200.0, e-shop        , en ligne    , national            , 2023-03-14,        5,        6000.0
          76.0, bob       ,       34.0, lyon        , casque audio    , accessoires      , sony          ,          150.0, boutique paris, physique    , île-de-france       , 2023-06-25,        3,         450.0
          77.0, emma      ,       31.0, toulouse    , tablette        , informatique     , samsung       ,          600.0, e-shop        , en ligne    , national            , 2023-01-14,        1,         600.0
          78.0, david     ,       40.0, bordeaux    , casque audio    , accessoires      , sony          ,          150.0, boutique paris, physique    , île-de-france       , 2023-01-01,        3,         450.0
          79.0, bob       ,       34.0, lyon        , casque audio    , accessoires      , sony          ,          150.0, boutique paris, physique    , île-de-france       , 2023-04-24,        5,         750.0
          80.0, david     ,       40.0, bordeaux    , montre connectée, accessoires      , garmin        ,          300.0, boutique paris, physique    , île-de-france       , 2023-01-29,        1,         300.0
          81.0, bob       ,       34.0, lyon        , montre connectée, accessoires      , garmin        ,          300.0, boutique paris, physique    , île-de-france       , 2023-04-05,        5,        1500.0
          82.0, emma      ,       31.0, toulouse    , smartphone      , téléphonie       , apple         ,         1200.0, e-shop        , en ligne    , national            , 2023-02-02,        1,        1200.0
          83.0, charlie   ,       29.0, marseille   , casque audio    , accessoires      , sony          ,          150.0, boutique paris, physique    , île-de-france       , 2023-04-02,        2,         300.0
          84.0, bob       ,       34.0, lyon        , ordinateur      , informatique     , dell          ,          800.0, e-shop        , en ligne    , national            , 2023-05-24,        4,        3200.0
          85.0, emma      ,       31.0, toulouse    , smartphone      , téléphonie       , apple         ,         1200.0, boutique paris, physique    , île-de-france       , 2023-02-11,        2,        2400.0
          86.0, david     ,       40.0, bordeaux    , ordinateur      , informatique     , dell          ,          800.0, boutique paris, physique    , île-de-france       , 2023-03-27,        4,        3200.0
          87.0, bob       ,       34.0, lyon        , casque audio    , accessoires      , sony          ,          150.0, boutique paris, physique    , île-de-france       , 2023-06-29,        1,         150.0
          88.0, david     ,       40.0, bordeaux    , ordinateur      , informatique     , dell          ,          800.0, e-shop        , en ligne    , national            , 2023-02-26,        2,        1600.0
          89.0, david     ,       40.0, bordeaux    , casque audio    , accessoires      , sony          ,          150.0, e-shop        , en ligne    , national            , 2023-02-28,        2,         300.0
          91.0, alice     ,       25.0, paris       , casque audio    , accessoires      , sony          ,          150.0, e-shop        , en ligne    , national            , 2023-06-14,        5,         750.0
          92.0, david     ,       40.0, bordeaux    , montre connectée, accessoires      , garmin        ,          300.0, e-shop        , en ligne    , national            , 2023-01-08,        1,         300.0
          93.0, charlie   ,       29.0, marseille   , smartphone      , téléphonie       , apple         ,         1200.0, boutique lyon , physique    , auvergne-rhône-alpes, 2023-03-09,        1,        1200.0
          94.0, alice     ,       25.0, paris       , montre connectée, accessoires      , garmin        ,          300.0, e-shop        , en ligne    , national            , 2023-03-30,        3,         900.0
          95.0, david     ,       40.0, bordeaux    , montre connectée, accessoires      , garmin        ,          300.0, boutique lyon , physique    , auvergne-rhône-alpes, 2023-01-30,        4,        1200.0
          96.0, emma      ,       31.0, toulouse    , smartphone      , téléphonie       , apple         ,         1200.0, e-shop        , en ligne    , national            , 2023-01-12,        4,        4800.0
          98.0, charlie   ,       29.0, marseille   , tablette        , informatique     , samsung       ,          600.0, boutique paris, physique    , île-de-france       , 2023-06-20,        3,        1800.0
          99.0, emma      ,       31.0, toulouse    , casque audio    , accessoires      , sony          ,          150.0, boutique lyon , physique    , auvergne-rhône-alpes, 2023-02-01,        3,         450.0
         100.0, emma      ,       31.0, toulouse    , casque audio    , accessoires      , sony          ,          150.0, boutique lyon , physique    , auvergne-rhône-alpes, 2023-04-15,        3,         450.0
         101.0, david     ,       40.0, bordeaux    , casque audio    , accessoires      , sony          ,          150.0, boutique lyon , physique    , auvergne-rhône-alpes, 2023-02-02,        2,         300.0
         102.0, david     ,       40.0, bordeaux    , tablette        , informatique     , samsung       ,          600.0, boutique lyon , physique    , auvergne-rhône-alpes, 2023-02-14,        5,        3000.0
         103.0, emma      ,       31.0, toulouse    , casque audio    , accessoires      , sony          ,          150.0, e-shop        , en ligne    , national            , 2023-05-21,        1,         150.0
         104.0, charlie   ,       29.0, marseille   , casque audio    , accessoires      , sony          ,          150.0, boutique paris, physique    , île-de-france       , 2023-04-21,        5,         750.0
         105.0, emma      ,       31.0, toulouse    , casque audio    , accessoires      , sony          ,          150.0, e-shop        , en ligne    , national            , 2023-04-24,        4,         600.0
         106.0, bob       ,       34.0, lyon        , montre connectée, accessoires      , garmin        ,          300.0, e-shop        , en ligne    , national            , 2023-02-13,        1,         300.0
         107.0, charlie   ,       29.0, marseille   , montre connectée, accessoires      , garmin        ,          300.0, boutique lyon , physique    , auvergne-rhône-alpes, 2023-06-12,        5,        1500.0
         108.0, charlie   ,       29.0, marseille   , ordinateur      , informatique     , dell          ,          800.0, boutique paris, physique    , île-de-france       , 2023-06-22,        3,        2400.0
         109.0, bob       ,       34.0, lyon        , smartphone      , téléphonie       , apple         ,         1200.0, boutique paris, physique    , île-de-france       , 2023-01-07,        1,        1200.0
         111.0, david     ,       40.0, bordeaux    , montre connectée, accessoires      , garmin        ,          300.0, boutique paris, physique    , île-de-france       , 2023-06-28,        4,        1200.0
         112.0, david     ,       40.0, bordeaux    , tablette        , informatique     , samsung       ,          600.0, boutique paris, physique    , île-de-france       , 2023-02-07,        1,         600.0
         113.0, alice     ,       25.0, paris       , tablette        , informatique     , samsung       ,          600.0, boutique paris, physique    , île-de-france       , 2023-02-15,        5,        3000.0
         114.0, david     ,       40.0, bordeaux    , ordinateur      , informatique     , dell          ,          800.0, boutique lyon , physique    , auvergne-rhône-alpes, 2023-03-05,        1,         800.0
         115.0, david     ,       40.0, bordeaux    , smartphone      , téléphonie       , apple         ,         1200.0, e-shop        , en ligne    , national            , 2023-06-20,        5,        6000.0
         116.0, emma      ,       31.0, toulouse    , montre connectée, accessoires      , garmin        ,          300.0, e-shop        , en ligne    , national            , 2023-04-24,        5,        1500.0
         118.0, david     ,       40.0, bordeaux    , tablette        , informatique     , samsung       ,          600.0, e-shop        , en ligne    , national            , 2023-03-05,        3,        1800.0
         119.0, emma      ,       31.0, toulouse    , tablette        , informatique     , samsung       ,          600.0, boutique lyon , physique    , auvergne-rhône-alpes, 2023-03-03,        3,        1800.0
         120.0, david     ,       40.0, bordeaux    , ordinateur      , informatique     , dell          ,          800.0, boutique lyon , physique    , auvergne-rhône-alpes, 2023-03-15,        2,        1600.0
         121.0, charlie   ,       29.0, marseille   , casque audio    , accessoires      , sony          ,          150.0, e-shop        , en ligne    , national            , 2023-05-19,        1,         150.0
         122.0, bob       ,       34.0, lyon        , smartphone      , téléphonie       , apple         ,         1200.0, boutique paris, physique    , île-de-france       , 2023-04-09,        2,        2400.0
         123.0, bob       ,       34.0, lyon        , ordinateur      , informatique     , dell          ,          800.0, e-shop        , en ligne    , national            , 2023-04-15,        3,        2400.0
         124.0, emma      ,       31.0, toulouse    , tablette        , informatique     , samsung       ,          600.0, e-shop        , en ligne    , national            , 2023-01-16,        2,        1200.0
         125.0, david     ,       40.0, bordeaux    , tablette        , informatique     , samsung       ,          600.0, boutique lyon , physique    , auvergne-rhône-alpes, 2023-06-28,        1,         600.0
         126.0, emma      ,       31.0, toulouse    , tablette        , informatique     , samsung       ,          600.0, e-shop        , en ligne    , national            , 2023-01-02,        3,        1800.0
         127.0, charlie   ,       29.0, marseille   , tablette        , informatique     , samsung       ,          600.0, e-shop        , en ligne    , national            , 2023-05-18,        5,        3000.0
         128.0, emma      ,       31.0, toulouse    , smartphone      , téléphonie       , apple         ,         1200.0, e-shop        , en ligne    , national            , 2023-02-26,        3,        3600.0
         129.0, david     ,       40.0, bordeaux    , tablette        , informatique     , samsung       ,          600.0, boutique paris, physique    , île-de-france       , 2023-04-10,        3,        1800.0
         130.0, david     ,       40.0, bordeaux    , smartphone      , téléphonie       , apple         ,         1200.0, e-shop        , en ligne    , national            , 2023-02-02,        5,        6000.0
         131.0, emma      ,       31.0, toulouse    , ordinateur      , informatique     , dell          ,          800.0, e-shop        , en ligne    , national            , 2023-06-01,        5,        4000.0
         133.0, david     ,       40.0, bordeaux    , smartphone      , téléphonie       , apple         ,         1200.0, boutique paris, physique    , île-de-france       , 2023-03-08,        4,        4800.0
         134.0, charlie   ,       29.0, marseille   , smartphone      , téléphonie       , apple         ,         1200.0, e-shop        , en ligne    , national            , 2023-03-25,        3,        3600.0
         135.0, david     ,       40.0, bordeaux    , casque audio    , accessoires      , sony          ,          150.0, e-shop        , en ligne    , national            , 2023-03-06,        1,         150.0
         136.0, david     ,       40.0, bordeaux    , ordinateur      , informatique     , dell          ,          800.0, boutique lyon , physique    , auvergne-rhône-alpes, 2023-05-19,        1,         800.0
         137.0, charlie   ,       29.0, marseille   , smartphone      , téléphonie       , apple         ,         1200.0, boutique lyon , physique    , auvergne-rhône-alpes, 2023-01-18,        1,        1200.0
         138.0, alice     ,       25.0, paris       , smartphone      , téléphonie       , apple         ,         1200.0, boutique paris, physique    , île-de-france       , 2023-01-06,        5,        6000.0
         139.0, bob       ,       34.0, lyon        , smartphone      , téléphonie       , apple         ,         1200.0, boutique paris, physique    , île-de-france       , 2023-05-02,        1,        1200.0
         140.0, emma      ,       31.0, toulouse    , smartphone      , téléphonie       , apple         ,         1200.0, e-shop        , en ligne    , national            , 2023-06-29,        3,        3600.0
         141.0, charlie   ,       29.0, marseille   , smartphone      , téléphonie       , apple         ,         1200.0, boutique lyon , physique    , auvergne-rhône-alpes, 2023-06-05,        1,        1200.0
         142.0, bob       ,       34.0, lyon        , casque audio    , accessoires      , sony          ,          150.0, boutique paris, physique    , île-de-france       , 2023-05-29,        1,         150.0
         143.0, charlie   ,       29.0, marseille   , montre connectée, accessoires      , garmin        ,          300.0, boutique lyon , physique    , auvergne-rhône-alpes, 2023-04-07,        4,        1200.0
         144.0, bob       ,       34.0, lyon        , ordinateur      , informatique     , dell          ,          800.0, boutique lyon , physique    , auvergne-rhône-alpes, 2023-06-26,        2,        1600.0
         145.0, alice     ,       25.0, paris       , casque audio    , accessoires      , sony          ,          150.0, boutique lyon , physique    , auvergne-rhône-alpes, 2023-06-03,        1,         150.0
         147.0, charlie   ,       29.0, marseille   , ordinateur      , informatique     , dell          ,          800.0, boutique lyon , physique    , auvergne-rhône-alpes, 2023-06-15,        3,        2400.0
         148.0, alice     ,       25.0, paris       , tablette        , informatique     , samsung       ,          600.0, e-shop        , en ligne    , national            , 2023-01-28,        4,        2400.0
         149.0, charlie   ,       29.0, marseille   , tablette        , informatique     , samsung       ,          600.0, boutique lyon , physique    , auvergne-rhône-alpes, 2023-02-09,        4,        2400.0
         150.0, bob       ,       34.0, lyon        , montre connectée, accessoires      , garmin        ,          300.0, boutique lyon , physique    , auvergne-rhône-alpes, 2023-03-11,        5,        1500.0
         151.0, emma      ,       31.0, toulouse    , tablette        , informatique     , samsung       ,          600.0, e-shop        , en ligne    , national            , 2023-04-22,        5,        3000.0
         152.0, charlie   ,       29.0, marseille   , casque audio    , accessoires      , sony          ,          150.0, boutique paris, physique    , île-de-france       , 2023-01-23,        3,         450.0
         153.0, david     ,       40.0, bordeaux    , smartphone      , téléphonie       , apple         ,         1200.0, e-shop        , en ligne    , national            , 2023-05-26,        5,        6000.0
         154.0, david     ,       40.0, bordeaux    , casque audio    , accessoires      , sony          ,          150.0, boutique paris, physique    , île-de-france       , 2023-05-07,        3,         450.0
         155.0, bob       ,       34.0, lyon        , tablette        , informatique     , samsung       ,          600.0, boutique paris, physique    , île-de-france       , 2023-04-01,        3,        1800.0
         156.0, charlie   ,       29.0, marseille   , casque audio    , accessoires      , sony          ,          150.0, boutique lyon , physique    , auvergne-rhône-alpes, 2023-06-29,        3,         450.0
         157.0, emma      ,       31.0, toulouse    , ordinateur      , informatique     , dell          ,          800.0, boutique lyon , physique    , auvergne-rhône-alpes, 2023-02-18,        1,         800.0
         158.0, bob       ,       34.0, lyon        , tablette        , informatique     , samsung       ,          600.0, e-shop        , en ligne    , national            , 2023-05-23,        2,        1200.0
         159.0, david     ,       40.0, bordeaux    , tablette        , informatique     , samsung       ,          600.0, e-shop        , en ligne    , national            , 2023-01-05,        1,         600.0
         160.0, charlie   ,       29.0, marseille   , smartphone      , téléphonie       , apple         ,         1200.0, e-shop        , en ligne    , national            , 2023-06-27,        2,        2400.0
         161.0, charlie   ,       29.0, marseille   , montre connectée, accessoires      , garmin        ,          300.0, e-shop        , en ligne    , national            , 2023-05-02,        5,        1500.0
         162.0, emma      ,       31.0, toulouse    , casque audio    , accessoires      , sony          ,          150.0, e-shop        , en ligne    , national            , 2023-05-21,        3,         450.0
         163.0, charlie   ,       29.0, marseille   , tablette        , informatique     , samsung       ,          600.0, e-shop        , en ligne    , national            , 2023-03-20,        3,        1800.0
         164.0, bob       ,       34.0, lyon        , ordinateur      , informatique     , dell          ,          800.0, boutique lyon , physique    , auvergne-rhône-alpes, 2023-02-19,        3,        2400.0
         165.0, alice     ,       25.0, paris       , montre connectée, accessoires      , garmin        ,          300.0, boutique lyon , physique    , auvergne-rhône-alpes, 2023-02-17,        2,         600.0
         166.0, bob       ,       34.0, lyon        , tablette        , informatique     , samsung       ,          600.0, e-shop        , en ligne    , national            , 2023-05-31,        5,        3000.0
         167.0, emma      ,       31.0, toulouse    , casque audio    , accessoires      , sony          ,          150.0, boutique paris, physique    , île-de-france       , 2023-02-19,        3,         450.0
         168.0, bob       ,       34.0, lyon        , casque audio    , accessoires      , sony          ,          150.0, boutique paris, physique    , île-de-france       , 2023-03-19,        1,         150.0
         169.0, emma      ,       31.0, toulouse    , smartphone      , téléphonie       , apple         ,         1200.0, e-shop        , en ligne    , national            , 2023-01-12,        1,        1200.0
         170.0, emma      ,       31.0, toulouse    , casque audio    , accessoires      , sony          ,          150.0, boutique lyon , physique    , auvergne-rhône-alpes, 2023-02-02,        4,         600.0
         171.0, alice     ,       25.0, paris       , ordinateur      , informatique     , dell          ,          800.0, boutique lyon , physique    , auvergne-rhône-alpes, 2023-03-14,        4,        3200.0
         172.0, david     ,       40.0, bordeaux    , tablette        , informatique     , samsung       ,          600.0, e-shop        , en ligne    , national            , 2023-02-17,        1,         600.0
         173.0, charlie   ,       29.0, marseille   , tablette        , informatique     , samsung       ,          600.0, boutique paris, physique    , île-de-france       , 2023-01-17,        4,        2400.0
         174.0, david     ,       40.0, bordeaux    , ordinateur      , informatique     , dell          ,          800.0, boutique lyon , physique    , auvergne-rhône-alpes, 2023-06-11,        1,         800.0
         175.0, bob       ,       34.0, lyon        , smartphone      , téléphonie       , apple         ,         1200.0, boutique lyon , physique    , auvergne-rhône-alpes, 2023-03-19,        1,        1200.0
         176.0, bob       ,       34.0, lyon        , ordinateur      , informatique     , dell          ,          800.0, boutique lyon , physique    , auvergne-rhône-alpes, 2023-04-17,        5,        4000.0
         177.0, emma      ,       31.0, toulouse    , montre connectée, accessoires      , garmin        ,          300.0, boutique paris, physique    , île-de-france       , 2023-05-14,        4,        1200.0
         178.0, david     ,       40.0, bordeaux    , tablette        , informatique     , samsung       ,          600.0, e-shop        , en ligne    , national            , 2023-05-31,        4,        2400.0
         179.0, charlie   ,       29.0, marseille   , montre connectée, accessoires      , garmin        ,          300.0, boutique lyon , physique    , auvergne-rhône-alpes, 2023-01-16,        5,        1500.0
         180.0, alice     ,       25.0, paris       , smartphone      , téléphonie       , apple         ,         1200.0, boutique lyon , physique    , auvergne-rhône-alpes, 2023-02-24,        3,        3600.0
         181.0, alice     ,       25.0, paris       , smartphone      , téléphonie       , apple         ,         1200.0, boutique paris, physique    , île-de-france       , 2023-02-14,        5,        6000.0
         182.0, alice     ,       25.0, paris       , smartphone      , téléphonie       , apple         ,         1200.0, boutique paris, physique    , île-de-france       , 2023-04-15,        4,        4800.0
         183.0, emma      ,       31.0, toulouse    , tablette        , informatique     , samsung       ,          600.0, e-shop        , en ligne    , national            , 2023-01-09,        2,        1200.0
         185.0, bob       ,       34.0, lyon        , casque audio    , accessoires      , sony          ,          150.0, boutique lyon , physique    , auvergne-rhône-alpes, 2023-05-31,        2,         300.0
         186.0, david     ,       40.0, bordeaux    , ordinateur      , informatique     , dell          ,          800.0, boutique lyon , physique    , auvergne-rhône-alpes, 2023-02-27,        2,        1600.0
         187.0, charlie   ,       29.0, marseille   , smartphone      , téléphonie       , apple         ,         1200.0, boutique paris, physique    , île-de-france       , 2023-01-16,        2,        2400.0
         188.0, charlie   ,       29.0, marseille   , montre connectée, accessoires      , garmin        ,          300.0, boutique lyon , physique    , auvergne-rhône-alpes, 2023-05-26,        3,         900.0
         189.0, david     ,       40.0, bordeaux    , ordinateur      , informatique     , dell          ,          800.0, e-shop        , en ligne    , national            , 2023-06-26,        3,        2400.0
         190.0, david     ,       40.0, bordeaux    , casque audio    , accessoires      , sony          ,          150.0, boutique lyon , physique    , auvergne-rhône-alpes, 2023-05-19,        4,         600.0
         191.0, david     ,       40.0, bordeaux    , ordinateur      , informatique     , dell          ,          800.0, boutique lyon , physique    , auvergne-rhône-alpes, 2023-01-11,        4,        3200.0
         192.0, charlie   ,       29.0, marseille   , montre connectée, accessoires      , garmin        ,          300.0, e-shop        , en ligne    , national            , 2023-01-07,        1,         300.0
         193.0, bob       ,       34.0, lyon        , montre connectée, accessoires      , garmin        ,          300.0, boutique lyon , physique    , auvergne-rhône-alpes, 2023-01-06,        3,         900.0
         194.0, emma      ,       31.0, toulouse    , ordinateur      , informatique     , dell          ,          800.0, boutique paris, physique    , île-de-france       , 2023-05-01,        5,        4000.0
         195.0, david     ,       40.0, bordeaux    , casque audio    , accessoires      , sony          ,          150.0, boutique paris, physique    , île-de-france       , 2023-05-30,        4,         600.0
         196.0, david     ,       40.0, bordeaux    , ordinateur      , informatique     , dell          ,          800.0, e-shop        , en ligne    , national            , 2023-03-31,        4,        3200.0
         197.0, charlie   ,       29.0, marseille   , casque audio    , accessoires      , sony          ,          150.0, boutique lyon , physique    , auvergne-rhône-alpes, 2023-01-27,        2,         300.0
         198.0, charlie   ,       29.0, marseille   , tablette        , informatique     , samsung       ,          600.0, boutique lyon , physique    , auvergne-rhône-alpes, 2023-05-07,        3,        1800.0
         199.0, david     ,       40.0, bordeaux    , montre connectée, accessoires      , garmin        ,          300.0, boutique paris, physique    , île-de-france       , 2023-04-27,        1,         300.0
         200.0, charlie   ,       29.0, marseille   , casque audio    , accessoires      , sony          ,          150.0, e-shop        , en ligne    , national            , 2023-01-30,        4,         600.0
         201.0, emma      ,       31.0, toulouse    , ordinateur      , informatique     , dell          ,          800.0, boutique lyon , physique    , auvergne-rhône-alpes, 2023-05-19,        4,        3200.0
         202.0, david     ,       40.0, bordeaux    , ordinateur      , informatique     , dell          ,          800.0, boutique paris, physique    , île-de-france       , 2023-05-13,        3,        2400.0
         203.0, emma      ,       31.0, toulouse    , tablette        , informatique     , samsung       ,          600.0, boutique lyon , physique    , auvergne-rhône-alpes, 2023-04-24,        1,         600.0
         204.0, bob       ,       34.0, lyon        , casque audio    , accessoires      , sony          ,          150.0, boutique lyon , physique    , auvergne-rhône-alpes, 2023-02-03,        3,         450.0
         205.0, david     ,       40.0, bordeaux    , tablette        , informatique     , samsung       ,          600.0, boutique paris, physique    , île-de-france       , 2023-01-08,        5,        3000.0
         206.0, bob       ,       34.0, lyon        , smartphone      , téléphonie       , apple         ,         1200.0, e-shop        , en ligne    , national            , 2023-05-22,        1,        1200.0
         207.0, emma      ,       31.0, toulouse    , tablette        , informatique     , samsung       ,          600.0, boutique paris, physique    , île-de-france       , 2023-02-27,        1,         600.0
         208.0, david     ,       40.0, bordeaux    , ordinateur      , informatique     , dell          ,          800.0, boutique lyon , physique    , auvergne-rhône-alpes, 2023-02-09,        4,        3200.0
         209.0, charlie   ,       29.0, marseille   , montre connectée, accessoires      , garmin        ,          300.0, boutique lyon , physique    , auvergne-rhône-alpes, 2023-03-11,        4,        1200.0
         211.0, bob       ,       34.0, lyon        , tablette        , informatique     , samsung       ,          600.0, boutique paris, physique    , île-de-france       , 2023-06-03,        5,        3000.0
         212.0, bob       ,       34.0, lyon        , ordinateur      , informatique     , dell          ,          800.0, e-shop        , en ligne    , national            , 2023-04-17,        3,        2400.0
         213.0, emma      ,       31.0, toulouse    , casque audio    , accessoires      , sony          ,          150.0, boutique paris, physique    , île-de-france       , 2023-03-14,        3,         450.0
         214.0, emma      ,       31.0, toulouse    , montre connectée, accessoires      , garmin        ,          300.0, boutique lyon , physique    , auvergne-rhône-alpes, 2023-05-06,        2,         600.0
         216.0, emma      ,       31.0, toulouse    , montre connectée, accessoires      , garmin        ,          300.0, e-shop        , en ligne    , national            , 2023-04-27,        3,         900.0
         217.0, bob       ,       34.0, lyon        , smartphone      , téléphonie       , apple         ,         1200.0, boutique lyon , physique    , auvergne-rhône-alpes, 2023-04-09,        2,        2400.0
         218.0, david     ,       40.0, bordeaux    , ordinateur      , informatique     , dell          ,          800.0, e-shop        , en ligne    , national            , 2023-05-02,        4,        3200.0
         219.0, david     ,       40.0, bordeaux    , smartphone      , téléphonie       , apple         ,         1200.0, e-shop        , en ligne    , national            , 2023-01-10,        2,        2400.0
         220.0, emma      ,       31.0, toulouse    , montre connectée, accessoires      , garmin        ,          300.0, e-shop        , en ligne    , national            , 2023-01-26,        4,        1200.0
         221.0, alice     ,       25.0, paris       , montre connectée, accessoires      , garmin        ,          300.0, e-shop        , en ligne    , national            , 2023-01-04,        2,         600.0
         222.0, david     ,       40.0, bordeaux    , smartphone      , téléphonie       , apple         ,         1200.0, boutique paris, physique    , île-de-france       , 2023-05-01,        3,        3600.0
         223.0, charlie   ,       29.0, marseille   , montre connectée, accessoires      , garmin        ,          300.0, boutique lyon , physique    , auvergne-rhône-alpes, 2023-04-12,        1,         300.0
         224.0, charlie   ,       29.0, marseille   , montre connectée, accessoires      , garmin        ,          300.0, e-shop        , en ligne    , national            , 2023-03-23,        4,        1200.0
         225.0, emma      ,       31.0, toulouse    , ordinateur      , informatique     , dell          ,          800.0, boutique lyon , physique    , auvergne-rhône-alpes, 2023-01-18,        2,        1600.0
         227.0, alice     ,       25.0, paris       , ordinateur      , informatique     , dell          ,          800.0, e-shop        , en ligne    , national            , 2023-02-12,        3,        2400.0
         228.0, alice     ,       25.0, paris       , ordinateur      , informatique     , dell          ,          800.0, e-shop        , en ligne    , national            , 2023-01-15,        3,        2400.0
         229.0, charlie   ,       29.0, marseille   , casque audio    , accessoires      , sony          ,          150.0, e-shop        , en ligne    , national            , 2023-02-07,        2,         300.0
         230.0, emma      ,       31.0, toulouse    , tablette        , informatique     , samsung       ,          600.0, boutique lyon , physique    , auvergne-rhône-alpes, 2023-06-24,        2,        1200.0
         231.0, bob       ,       34.0, lyon        , smartphone      , téléphonie       , apple         ,         1200.0, boutique paris, physique    , île-de-france       , 2023-06-06,        4,        4800.0
         232.0, emma      ,       31.0, toulouse    , smartphone      , téléphonie       , apple         ,         1200.0, e-shop        , en ligne    , national            , 2023-05-30,        2,        2400.0
         234.0, charlie   ,       29.0, marseille   , ordinateur      , informatique     , dell          ,          800.0, e-shop        , en ligne    , national            , 2023-03-15,        5,        4000.0
         235.0, bob       ,       34.0, lyon        , ordinateur      , informatique     , dell          ,          800.0, e-shop        , en ligne    , national            , 2023-03-30,        5,        4000.0
         236.0, charlie   ,       29.0, marseille   , tablette        , informatique     , samsung       ,          600.0, boutique lyon , physique    , auvergne-rhône-alpes, 2023-03-06,        4,        2400.0
         237.0, charlie   ,       29.0, marseille   , smartphone      , téléphonie       , apple         ,         1200.0, e-shop        , en ligne    , national            , 2023-05-04,        1,        1200.0
         238.0, bob       ,       34.0, lyon        , tablette        , informatique     , samsung       ,          600.0, boutique lyon , physique    , auvergne-rhône-alpes, 2023-04-02,        5,        3000.0
         239.0, charlie   ,       29.0, marseille   , casque audio    , accessoires      , sony          ,          150.0, boutique paris, physique    , île-de-france       , 2023-06-18,        4,         600.0
         240.0, charlie   ,       29.0, marseille   , ordinateur      , informatique     , dell          ,          800.0, boutique lyon , physique    , auvergne-rhône-alpes, 2023-06-25,        1,         800.0
         241.0, emma      ,       31.0, toulouse    , tablette        , informatique     , samsung       ,          600.0, e-shop        , en ligne    , national            , 2023-02-28,        5,        3000.0
         242.0, charlie   ,       29.0, marseille   , smartphone      , téléphonie       , apple         ,         1200.0, boutique lyon , physique    , auvergne-rhône-alpes, 2023-02-18,        5,        6000.0
         243.0, charlie   ,       29.0, marseille   , smartphone      , téléphonie       , apple         ,         1200.0, boutique lyon , physique    , auvergne-rhône-alpes, 2023-01-25,        1,        1200.0
         244.0, charlie   ,       29.0, marseille   , tablette        , informatique     , samsung       ,          600.0, boutique paris, physique    , île-de-france       , 2023-05-29,        3,        1800.0
         245.0, bob       ,       34.0, lyon        , ordinateur      , informatique     , dell          ,          800.0, e-shop        , en ligne    , national            , 2023-03-25,        4,        3200.0
         246.0, bob       ,       34.0, lyon        , smartphone      , téléphonie       , apple         ,         1200.0, boutique paris, physique    , île-de-france       , 2023-05-19,        3,        3600.0
         247.0, emma      ,       31.0, toulouse    , montre connectée, accessoires      , garmin        ,          300.0, e-shop        , en ligne    , national            , 2023-02-12,        3,         900.0
         248.0, david     ,       40.0, bordeaux    , casque audio    , accessoires      , sony          ,          150.0, boutique lyon , physique    , auvergne-rhône-alpes, 2023-03-28,        1,         150.0
         249.0, david     ,       40.0, bordeaux    , ordinateur      , informatique     , dell          ,          800.0, boutique paris, physique    , île-de-france       , 2023-02-27,        4,        3200.0
         250.0, emma      ,       31.0, toulouse    , casque audio    , accessoires      , sony          ,          150.0, boutique paris, physique    , île-de-france       , 2023-04-12,        1,         150.0
         251.0, charlie   ,       29.0, marseille   , montre connectée, accessoires      , garmin        ,          300.0, boutique paris, physique    , île-de-france       , 2023-04-27,        3,         900.0
         252.0, charlie   ,       29.0, marseille   , montre connectée, accessoires      , garmin        ,          300.0, e-shop        , en ligne    , national            , 2023-06-13,        3,         900.0
         253.0, alice     ,       25.0, paris       , smartphone      , téléphonie       , apple         ,         1200.0, e-shop        , en ligne    , national            , 2023-01-07,        5,        6000.0
         254.0, emma      ,       31.0, toulouse    , casque audio    , accessoires      , sony          ,          150.0, boutique lyon , physique    , auvergne-rhône-alpes, 2023-02-26,        1,         150.0
         255.0, david     ,       40.0, bordeaux    , casque audio    , accessoires      , sony          ,          150.0, boutique lyon , physique    , auvergne-rhône-alpes, 2023-04-15,        1,         150.0
         256.0, bob       ,       34.0, lyon        , ordinateur      , informatique     , dell          ,          800.0, boutique paris, physique    , île-de-france       , 2023-03-19,        4,        3200.0
         257.0, alice     ,       25.0, paris       , ordinateur      , informatique     , dell          ,          800.0, boutique paris, physique    , île-de-france       , 2023-05-18,        2,        1600.0
         258.0, david     ,       40.0, bordeaux    , tablette        , informatique     , samsung       ,          600.0, e-shop        , en ligne    , national            , 2023-06-21,        5,        3000.0
         259.0, david     ,       40.0, bordeaux    , montre connectée, accessoires      , garmin        ,          300.0, boutique lyon , physique    , auvergne-rhône-alpes, 2023-02-09,        4,        1200.0
         260.0, alice     ,       25.0, paris       , tablette        , informatique     , samsung       ,          600.0, boutique lyon , physique    , auvergne-rhône-alpes, 2023-04-15,        3,        1800.0
         261.0, alice     ,       25.0, paris       , casque audio    , accessoires      , sony          ,          150.0, boutique paris, physique    , île-de-france       , 2023-04-24,        4,         600.0
         262.0, bob       ,       34.0, lyon        , casque audio    , accessoires      , sony          ,          150.0, boutique paris, physique    , île-de-france       , 2023-06-25,        3,         450.0
         264.0, bob       ,       34.0, lyon        , ordinateur      , informatique     , dell          ,          800.0, e-shop        , en ligne    , national            , 2023-01-24,        2,        1600.0
         265.0, emma      ,       31.0, toulouse    , ordinateur      , informatique     , dell          ,          800.0, boutique paris, physique    , île-de-france       , 2023-03-27,        2,        1600.0
         266.0, bob       ,       34.0, lyon        , montre connectée, accessoires      , garmin        ,          300.0, boutique paris, physique    , île-de-france       , 2023-01-18,        5,        1500.0
         267.0, bob       ,       34.0, lyon        , montre connectée, accessoires      , garmin        ,          300.0, boutique paris, physique    , île-de-france       , 2023-03-01,        3,         900.0
         268.0, bob       ,       34.0, lyon        , montre connectée, accessoires      , garmin        ,          300.0, boutique paris, physique    , île-de-france       , 2023-03-12,        2,         600.0
         269.0, bob       ,       34.0, lyon        , montre connectée, accessoires      , garmin        ,          300.0, e-shop        , en ligne    , national            , 2023-02-14,        1,         300.0
         270.0, alice     ,       25.0, paris       , smartphone      , téléphonie       , apple         ,         1200.0, boutique paris, physique    , île-de-france       , 2023-04-02,        2,        2400.0
         271.0, emma      ,       31.0, toulouse    , casque audio    , accessoires      , sony          ,          150.0, boutique paris, physique    , île-de-france       , 2023-02-14,        3,         450.0
         272.0, alice     ,       25.0, paris       , smartphone      , téléphonie       , apple         ,         1200.0, boutique lyon , physique    , auvergne-rhône-alpes, 2023-04-18,        5,        6000.0
         273.0, alice     ,       25.0, paris       , ordinateur      , informatique     , dell          ,          800.0, e-shop        , en ligne    , national            , 2023-04-25,        3,        2400.0
         274.0, emma      ,       31.0, toulouse    , montre connectée, accessoires      , garmin        ,          300.0, boutique paris, physique    , île-de-france       , 2023-04-26,        5,        1500.0
         275.0, bob       ,       34.0, lyon        , montre connectée, accessoires      , garmin        ,          300.0, boutique paris, physique    , île-de-france       , 2023-06-18,        5,        1500.0
         276.0, charlie   ,       29.0, marseille   , tablette        , informatique     , samsung       ,          600.0, boutique lyon , physique    , auvergne-rhône-alpes, 2023-01-08,        1,         600.0
         277.0, david     ,       40.0, bordeaux    , tablette        , informatique     , samsung       ,          600.0, e-shop        , en ligne    , national            , 2023-06-25,        1,         600.0
         278.0, david     ,       40.0, bordeaux    , tablette        , informatique     , samsung       ,          600.0, boutique paris, physique    , île-de-france       , 2023-01-21,        3,        1800.0
         279.0, emma      ,       31.0, toulouse    , smartphone      , téléphonie       , apple         ,         1200.0, boutique paris, physique    , île-de-france       , 2023-02-02,        3,        3600.0
         280.0, emma      ,       31.0, toulouse    , montre connectée, accessoires      , garmin        ,          300.0, boutique lyon , physique    , auvergne-rhône-alpes, 2023-03-25,        4,        1200.0
         281.0, emma      ,       31.0, toulouse    , montre connectée, accessoires      , garmin        ,          300.0, e-shop        , en ligne    , national            , 2023-04-27,        5,        1500.0
         282.0, emma      ,       31.0, toulouse    , tablette        , informatique     , samsung       ,          600.0, boutique paris, physique    , île-de-france       , 2023-06-29,        1,         600.0
         283.0, emma      ,       31.0, toulouse    , smartphone      , téléphonie       , apple         ,         1200.0, e-shop        , en ligne    , national            , 2023-04-26,        2,        2400.0
         284.0, david     ,       40.0, bordeaux    , casque audio    , accessoires      , sony          ,          150.0, e-shop        , en ligne    , national            , 2023-04-13,        4,         600.0
         285.0, alice     ,       25.0, paris       , casque audio    , accessoires      , sony          ,          150.0, e-shop        , en ligne    , national            , 2023-03-22,        3,         450.0
         286.0, charlie   ,       29.0, marseille   , smartphone      , téléphonie       , apple         ,         1200.0, boutique lyon , physique    , auvergne-rhône-alpes, 2023-05-02,        1,        1200.0
         287.0, alice     ,       25.0, paris       , ordinateur      , informatique     , dell          ,          800.0, boutique paris, physique    , île-de-france       , 2023-04-21,        1,         800.0
         289.0, emma      ,       31.0, toulouse    , montre connectée, accessoires      , garmin        ,          300.0, e-shop        , en ligne    , national            , 2023-06-21,        1,         300.0
         290.0, david     ,       40.0, bordeaux    , casque audio    , accessoires      , sony          ,          150.0, boutique lyon , physique    , auvergne-rhône-alpes, 2023-04-19,        1,         150.0
         291.0, charlie   ,       29.0, marseille   , montre connectée, accessoires      , garmin        ,          300.0, e-shop        , en ligne    , national            , 2023-04-01,        1,         300.0
         292.0, emma      ,       31.0, toulouse    , montre connectée, accessoires      , garmin        ,          300.0, boutique paris, physique    , île-de-france       , 2023-02-09,        4,        1200.0
         293.0, bob       ,       34.0, lyon        , ordinateur      , informatique     , dell          ,          800.0, e-shop        , en ligne    , national            , 2023-05-23,        3,        2400.0
         294.0, alice     ,       25.0, paris       , casque audio    , accessoires      , sony          ,          150.0, boutique lyon , physique    , auvergne-rhône-alpes, 2023-02-27,        4,         600.0
         295.0, emma      ,       31.0, toulouse    , montre connectée, accessoires      , garmin        ,          300.0, boutique lyon , physique    , auvergne-rhône-alpes, 2023-06-22,        5,        1500.0
         296.0, alice     ,       25.0, paris       , montre connectée, accessoires      , garmin        ,          300.0, boutique lyon , physique    , auvergne-rhône-alpes, 2023-06-27,        3,         900.0
         297.0, alice     ,       25.0, paris       , smartphone      , téléphonie       , apple         ,         1200.0, e-shop        , en ligne    , national            , 2023-06-29,        3,        3600.0
         298.0, charlie   ,       29.0, marseille   , casque audio    , accessoires      , sony          ,          150.0, boutique paris, physique    , île-de-france       , 2023-02-16,        2,         300.0
         299.0, emma      ,       31.0, toulouse    , tablette        , informatique     , samsung       ,          600.0, boutique paris, physique    , île-de-france       , 2023-02-06,        1,         600.0
         300.0, alice     ,       25.0, paris       , montre connectée, accessoires      , garmin        ,          300.0, boutique paris, physique    , île-de-france       , 2023-04-07,        4,        1200.0
         301.0, david     ,       40.0, bordeaux    , casque audio    , accessoires      , sony          ,          150.0, boutique paris, physique    , île-de-france       , 2023-04-05,        3,         450.0
         302.0, charlie   ,       29.0, marseille   , montre connectée, accessoires      , garmin        ,          300.0, boutique lyon , physique    , auvergne-rhône-alpes, 2023-01-22,        1,         300.0
         303.0, bob       ,       34.0, lyon        , smartphone      , téléphonie       , apple         ,         1200.0, boutique lyon , physique    , auvergne-rhône-alpes, 2023-01-13,        1,        1200.0
         304.0, charlie   ,       29.0, marseille   , tablette        , informatique     , samsung       ,          600.0, boutique lyon , physique    , auvergne-rhône-alpes, 2023-04-19,        4,        2400.0
         305.0, emma      ,       31.0, toulouse    , tablette        , informatique     , samsung       ,          600.0, e-shop        , en ligne    , national            , 2023-03-11,        2,        1200.0
         306.0, emma      ,       31.0, toulouse    , ordinateur      , informatique     , dell          ,          800.0, e-shop        , en ligne    , national            , 2023-04-21,        1,         800.0
         307.0, charlie   ,       29.0, marseille   , montre connectée, accessoires      , garmin        ,          300.0, e-shop        , en ligne    , national            , 2023-05-15,        3,         900.0
         309.0, alice     ,       25.0, paris       , smartphone      , téléphonie       , apple         ,         1200.0, e-shop        , en ligne    , national            , 2023-02-24,        2,        2400.0
         310.0, charlie   ,       29.0, marseille   , casque audio    , accessoires      , sony          ,          150.0, e-shop        , en ligne    , national            , 2023-01-31,        1,         150.0
         311.0, david     ,       40.0, bordeaux    , tablette        , informatique     , samsung       ,          600.0, boutique paris, physique    , île-de-france       , 2023-02-03,        4,        2400.0
         312.0, emma      ,       31.0, toulouse    , smartphone      , téléphonie       , apple         ,         1200.0, boutique lyon , physique    , auvergne-rhône-alpes, 2023-05-24,        3,        3600.0
         313.0, alice     ,       25.0, paris       , tablette        , informatique     , samsung       ,          600.0, boutique lyon , physique    , auvergne-rhône-alpes, 2023-01-11,        4,        2400.0
         314.0, alice     ,       25.0, paris       , tablette        , informatique     , samsung       ,          600.0, boutique paris, physique    , île-de-france       , 2023-03-22,        5,        3000.0
         315.0, david     ,       40.0, bordeaux    , montre connectée, accessoires      , garmin        ,          300.0, e-shop        , en ligne    , national            , 2023-06-13,        4,        1200.0
         316.0, charlie   ,       29.0, marseille   , ordinateur      , informatique     , dell          ,          800.0, e-shop        , en ligne    , national            , 2023-01-06,        3,        2400.0
         317.0, bob       ,       34.0, lyon        , montre connectée, accessoires      , garmin        ,          300.0, e-shop        , en ligne    , national            , 2023-06-26,        3,         900.0
         318.0, alice     ,       25.0, paris       , tablette        , informatique     , samsung       ,          600.0, boutique paris, physique    , île-de-france       , 2023-03-04,        4,        2400.0
         319.0, emma      ,       31.0, toulouse    , tablette        , informatique     , samsung       ,          600.0, boutique lyon , physique    , auvergne-rhône-alpes, 2023-01-21,        4,        2400.0
         320.0, charlie   ,       29.0, marseille   , casque audio    , accessoires      , sony          ,          150.0, boutique paris, physique    , île-de-france       , 2023-03-27,        2,         300.0
         321.0, alice     ,       25.0, paris       , montre connectée, accessoires      , garmin        ,          300.0, boutique lyon , physique    , auvergne-rhône-alpes, 2023-01-30,        5,        1500.0
         322.0, emma      ,       31.0, toulouse    , smartphone      , téléphonie       , apple         ,         1200.0, e-shop        , en ligne    , national            , 2023-03-31,        2,        2400.0
         323.0, bob       ,       34.0, lyon        , ordinateur      , informatique     , dell          ,          800.0, boutique paris, physique    , île-de-france       , 2023-03-07,        2,        1600.0
         324.0, bob       ,       34.0, lyon        , montre connectée, accessoires      , garmin        ,          300.0, boutique paris, physique    , île-de-france       , 2023-06-17,        1,         300.0
         325.0, bob       ,       34.0, lyon        , tablette        , informatique     , samsung       ,          600.0, e-shop        , en ligne    , national            , 2023-05-25,        5,        3000.0
         326.0, david     ,       40.0, bordeaux    , montre connectée, accessoires      , garmin        ,          300.0, boutique lyon , physique    , auvergne-rhône-alpes, 2023-06-12,        5,        1500.0
         327.0, charlie   ,       29.0, marseille   , casque audio    , accessoires      , sony          ,          150.0, boutique paris, physique    , île-de-france       , 2023-04-23,        1,         150.0
         328.0, david     ,       40.0, bordeaux    , tablette        , informatique     , samsung       ,          600.0, boutique lyon , physique    , auvergne-rhône-alpes, 2023-03-19,        3,        1800.0
         329.0, emma      ,       31.0, toulouse    , ordinateur      , informatique     , dell          ,          800.0, e-shop        , en ligne    , national            , 2023-05-10,        1,         800.0
         330.0, charlie   ,       29.0, marseille   , tablette        , informatique     , samsung       ,          600.0, e-shop        , en ligne    , national            , 2023-01-10,        1,         600.0
         331.0, charlie   ,       29.0, marseille   , casque audio    , accessoires      , sony          ,          150.0, boutique paris, physique    , île-de-france       , 2023-06-15,        1,         150.0
         332.0, emma      ,       31.0, toulouse    , montre connectée, accessoires      , garmin        ,          300.0, boutique lyon , physique    , auvergne-rhône-alpes, 2023-04-09,        4,        1200.0
         333.0, emma      ,       31.0, toulouse    , montre connectée, accessoires      , garmin        ,          300.0, boutique lyon , physique    , auvergne-rhône-alpes, 2023-01-11,        4,        1200.0
         334.0, emma      ,       31.0, toulouse    , smartphone      , téléphonie       , apple         ,         1200.0, e-shop        , en ligne    , national            , 2023-06-04,        4,        4800.0
         335.0, emma      ,       31.0, toulouse    , smartphone      , téléphonie       , apple         ,         1200.0, boutique paris, physique    , île-de-france       , 2023-04-26,        1,        1200.0
         336.0, charlie   ,       29.0, marseille   , ordinateur      , informatique     , dell          ,          800.0, boutique lyon , physique    , auvergne-rhône-alpes, 2023-06-15,        2,        1600.0
         337.0, alice     ,       25.0, paris       , smartphone      , téléphonie       , apple         ,         1200.0, boutique lyon , physique    , auvergne-rhône-alpes, 2023-04-23,        4,        4800.0
         338.0, emma      ,       31.0, toulouse    , montre connectée, accessoires      , garmin        ,          300.0, boutique lyon , physique    , auvergne-rhône-alpes, 2023-02-10,        3,         900.0
         339.0, charlie   ,       29.0, marseille   , casque audio    , accessoires      , sony          ,          150.0, e-shop        , en ligne    , national            , 2023-04-15,        3,         450.0
         340.0, emma      ,       31.0, toulouse    , ordinateur      , informatique     , dell          ,          800.0, boutique lyon , physique    , auvergne-rhône-alpes, 2023-06-15,        3,        2400.0
         341.0, alice     ,       25.0, paris       , casque audio    , accessoires      , sony          ,          150.0, boutique paris, physique    , île-de-france       , 2023-05-23,        4,         600.0
         342.0, charlie   ,       29.0, marseille   , casque audio    , accessoires      , sony          ,          150.0, boutique lyon , physique    , auvergne-rhône-alpes, 2023-06-18,        5,         750.0
         343.0, bob       ,       34.0, lyon        , casque audio    , accessoires      , sony          ,          150.0, boutique paris, physique    , île-de-france       , 2023-05-30,        2,         300.0
         345.0, bob       ,       34.0, lyon        , montre connectée, accessoires      , garmin        ,          300.0, boutique lyon , physique    , auvergne-rhône-alpes, 2023-01-22,        3,         900.0
         346.0, emma      ,       31.0, toulouse    , tablette        , informatique     , samsung       ,          600.0, boutique lyon , physique    , auvergne-rhône-alpes, 2023-03-26,        2,        1200.0
         347.0, emma      ,       31.0, toulouse    , ordinateur      , informatique     , dell          ,          800.0, boutique lyon , physique    , auvergne-rhône-alpes, 2023-06-21,        4,        3200.0
         348.0, emma      ,       31.0, toulouse    , casque audio    , accessoires      , sony          ,          150.0, boutique paris, physique    , île-de-france       , 2023-04-03,        3,         450.0
         350.0, bob       ,       34.0, lyon        , smartphone      , téléphonie       , apple         ,         1200.0, boutique paris, physique    , île-de-france       , 2023-01-20,        3,        3600.0
         351.0, alice     ,       25.0, paris       , montre connectée, accessoires      , garmin        ,          300.0, boutique lyon , physique    , auvergne-rhône-alpes, 2023-05-15,        1,         300.0
         352.0, charlie   ,       29.0, marseille   , montre connectée, accessoires      , garmin        ,          300.0, boutique paris, physique    , île-de-france       , 2023-06-02,        4,        1200.0
         353.0, bob       ,       34.0, lyon        , smartphone      , téléphonie       , apple         ,         1200.0, boutique paris, physique    , île-de-france       , 2023-06-27,        5,        6000.0
         354.0, bob       ,       34.0, lyon        , tablette        , informatique     , samsung       ,          600.0, boutique paris, physique    , île-de-france       , 2023-04-16,        3,        1800.0
         355.0, bob       ,       34.0, lyon        , tablette        , informatique     , samsung       ,          600.0, boutique lyon , physique    , auvergne-rhône-alpes, 2023-03-14,        4,        2400.0
         356.0, bob       ,       34.0, lyon        , montre connectée, accessoires      , garmin        ,          300.0, boutique paris, physique    , île-de-france       , 2023-03-21,        4,        1200.0
         357.0, bob       ,       34.0, lyon        , casque audio    , accessoires      , sony          ,          150.0, boutique lyon , physique    , auvergne-rhône-alpes, 2023-05-27,        4,         600.0
         358.0, david     ,       40.0, bordeaux    , casque audio    , accessoires      , sony          ,          150.0, e-shop        , en ligne    , national            , 2023-05-09,        5,         750.0
         359.0, david     ,       40.0, bordeaux    , smartphone      , téléphonie       , apple         ,         1200.0, boutique paris, physique    , île-de-france       , 2023-06-04,        2,        2400.0
         360.0, charlie   ,       29.0, marseille   , ordinateur      , informatique     , dell          ,          800.0, boutique lyon , physique    , auvergne-rhône-alpes, 2023-05-04,        3,        2400.0
         361.0, emma      ,       31.0, toulouse    , ordinateur      , informatique     , dell          ,          800.0, boutique lyon , physique    , auvergne-rhône-alpes, 2023-05-13,        1,         800.0
         362.0, charlie   ,       29.0, marseille   , ordinateur      , informatique     , dell          ,          800.0, boutique paris, physique    , île-de-france       , 2023-03-11,        4,        3200.0
         364.0, david     ,       40.0, bordeaux    , casque audio    , accessoires      , sony          ,          150.0, boutique paris, physique    , île-de-france       , 2023-04-17,        1,         150.0
         365.0, david     ,       40.0, bordeaux    , montre connectée, accessoires      , garmin        ,          300.0, e-shop        , en ligne    , national            , 2023-03-02,        4,        1200.0
         366.0, alice     ,       25.0, paris       , casque audio    , accessoires      , sony          ,          150.0, boutique paris, physique    , île-de-france       , 2023-01-08,        3,         450.0
         367.0, alice     ,       25.0, paris       , casque audio    , accessoires      , sony          ,          150.0, boutique paris, physique    , île-de-france       , 2023-02-05,        1,         150.0
         368.0, charlie   ,       29.0, marseille   , tablette        , informatique     , samsung       ,          600.0, boutique lyon , physique    , auvergne-rhône-alpes, 2023-02-05,        4,        2400.0
         369.0, david     ,       40.0, bordeaux    , montre connectée, accessoires      , garmin        ,          300.0, boutique paris, physique    , île-de-france       , 2023-01-21,        1,         300.0
         370.0, charlie   ,       29.0, marseille   , smartphone      , téléphonie       , apple         ,         1200.0, boutique paris, physique    , île-de-france       , 2023-05-21,        5,        6000.0
         371.0, emma      ,       31.0, toulouse    , tablette        , informatique     , samsung       ,          600.0, boutique paris, physique    , île-de-france       , 2023-03-15,        2,        1200.0
         372.0, charlie   ,       29.0, marseille   , ordinateur      , informatique     , dell          ,          800.0, boutique paris, physique    , île-de-france       , 2023-03-03,        4,        3200.0
         373.0, emma      ,       31.0, toulouse    , tablette        , informatique     , samsung       ,          600.0, boutique paris, physique    , île-de-france       , 2023-01-29,        4,        2400.0
         374.0, emma      ,       31.0, toulouse    , montre connectée, accessoires      , garmin        ,          300.0, boutique paris, physique    , île-de-france       , 2023-06-11,        5,        1500.0
         376.0, david     ,       40.0, bordeaux    , ordinateur      , informatique     , dell          ,          800.0, boutique lyon , physique    , auvergne-rhône-alpes, 2023-04-01,        2,        1600.0
         377.0, emma      ,       31.0, toulouse    , tablette        , informatique     , samsung       ,          600.0, boutique paris, physique    , île-de-france       , 2023-06-20,        1,         600.0
         378.0, emma      ,       31.0, toulouse    , casque audio    , accessoires      , sony          ,          150.0, boutique paris, physique    , île-de-france       , 2023-05-15,        5,         750.0
         379.0, emma      ,       31.0, toulouse    , montre connectée, accessoires      , garmin        ,          300.0, boutique lyon , physique    , auvergne-rhône-alpes, 2023-01-06,        4,        1200.0
         380.0, david     ,       40.0, bordeaux    , ordinateur      , informatique     , dell          ,          800.0, boutique lyon , physique    , auvergne-rhône-alpes, 2023-04-10,        3,        2400.0
         381.0, charlie   ,       29.0, marseille   , ordinateur      , informatique     , dell          ,          800.0, e-shop        , en ligne    , national            , 2023-01-18,        3,        2400.0
         382.0, bob       ,       34.0, lyon        , ordinateur      , informatique     , dell          ,          800.0, boutique lyon , physique    , auvergne-rhône-alpes, 2023-03-27,        2,        1600.0
         383.0, alice     ,       25.0, paris       , casque audio    , accessoires      , sony          ,          150.0, boutique lyon , physique    , auvergne-rhône-alpes, 2023-03-28,        2,         300.0
         384.0, david     ,       40.0, bordeaux    , tablette        , informatique     , samsung       ,          600.0, boutique lyon , physique    , auvergne-rhône-alpes, 2023-02-16,        2,        1200.0
         385.0, alice     ,       25.0, paris       , tablette        , informatique     , samsung       ,          600.0, boutique paris, physique    , île-de-france       , 2023-03-17,        2,        1200.0
         386.0, alice     ,       25.0, paris       , smartphone      , téléphonie       , apple         ,         1200.0, boutique paris, physique    , île-de-france       , 2023-03-22,        3,        3600.0
         387.0, emma      ,       31.0, toulouse    , tablette        , informatique     , samsung       ,          600.0, boutique lyon , physique    , auvergne-rhône-alpes, 2023-05-02,        3,        1800.0
         388.0, alice     ,       25.0, paris       , smartphone      , téléphonie       , apple         ,         1200.0, e-shop        , en ligne    , national            , 2023-04-02,        1,        1200.0
         389.0, charlie   ,       29.0, marseille   , casque audio    , accessoires      , sony          ,          150.0, boutique paris, physique    , île-de-france       , 2023-04-05,        4,         600.0
         390.0, david     ,       40.0, bordeaux    , tablette        , informatique     , samsung       ,          600.0, e-shop        , en ligne    , national            , 2023-03-28,        2,        1200.0
         391.0, david     ,       40.0, bordeaux    , tablette        , informatique     , samsung       ,          600.0, e-shop        , en ligne    , national            , 2023-05-13,        3,        1800.0
         392.0, alice     ,       25.0, paris       , tablette        , informatique     , samsung       ,          600.0, boutique paris, physique    , île-de-france       , 2023-04-21,        5,        3000.0
         393.0, bob       ,       34.0, lyon        , montre connectée, accessoires      , garmin        ,          300.0, e-shop        , en ligne    , national            , 2023-03-24,        1,         300.0
         394.0, alice     ,       25.0, paris       , casque audio    , accessoires      , sony          ,          150.0, boutique lyon , physique    , auvergne-rhône-alpes, 2023-03-17,        3,         450.0
         395.0, david     ,       40.0, bordeaux    , montre connectée, accessoires      , garmin        ,          300.0, boutique lyon , physique    , auvergne-rhône-alpes, 2023-04-20,        2,         600.0
         396.0, david     ,       40.0, bordeaux    , casque audio    , accessoires      , sony          ,          150.0, e-shop        , en ligne    , national            , 2023-01-11,        3,         450.0
         397.0, emma      ,       31.0, toulouse    , tablette        , informatique     , samsung       ,          600.0, e-shop        , en ligne    , national            , 2023-06-13,        1,         600.0
         398.0, alice     ,       25.0, paris       , tablette        , informatique     , samsung       ,          600.0, e-shop        , en ligne    , national            , 2023-05-12,        2,        1200.0
         399.0, alice     ,       25.0, paris       , smartphone      , téléphonie       , apple         ,         1200.0, boutique lyon , physique    , auvergne-rhône-alpes, 2023-06-23,        4,        4800.0
         400.0, alice     ,       25.0, paris       , smartphone      , téléphonie       , apple         ,         1200.0, boutique paris, physique    , île-de-france       , 2023-03-02,        3,        3600.0
         401.0, charlie   ,       29.0, marseille   , tablette        , informatique     , samsung       ,          600.0, boutique lyon , physique    , auvergne-rhône-alpes, 2023-01-09,        5,        3000.0
         402.0, bob       ,       34.0, lyon        , tablette        , informatique     , samsung       ,          600.0, e-shop        , en ligne    , national            , 2023-04-06,        4,        2400.0
         403.0, alice     ,       25.0, paris       , montre connectée, accessoires      , garmin        ,          300.0, boutique paris, physique    , île-de-france       , 2023-05-16,        3,         900.0
         404.0, david     ,       40.0, bordeaux    , casque audio    , accessoires      , sony          ,          150.0, boutique lyon , physique    , auvergne-rhône-alpes, 2023-03-13,        2,         300.0
         405.0, alice     ,       25.0, paris       , ordinateur      , informatique     , dell          ,          800.0, boutique lyon , physique    , auvergne-rhône-alpes, 2023-02-17,        4,        3200.0
         406.0, emma      ,       31.0, toulouse    , tablette        , informatique     , samsung       ,          600.0, boutique lyon , physique    , auvergne-rhône-alpes, 2023-01-31,        3,        1800.0
         407.0, charlie   ,       29.0, marseille   , tablette        , informatique     , samsung       ,          600.0, boutique paris, physique    , île-de-france       , 2023-06-06,        3,        1800.0
         408.0, david     ,       40.0, bordeaux    , smartphone      , téléphonie       , apple         ,         1200.0, boutique paris, physique    , île-de-france       , 2023-02-04,        1,        1200.0
         409.0, david     ,       40.0, bordeaux    , smartphone      , téléphonie       , apple         ,         1200.0, boutique lyon , physique    , auvergne-rhône-alpes, 2023-04-24,        1,        1200.0
         410.0, charlie   ,       29.0, marseille   , casque audio    , accessoires      , sony          ,          150.0, boutique lyon , physique    , auvergne-rhône-alpes, 2023-01-17,        5,         750.0
         411.0, emma      ,       31.0, toulouse    , casque audio    , accessoires      , sony          ,          150.0, e-shop        , en ligne    , national            , 2023-02-10,        2,         300.0
         412.0, charlie   ,       29.0, marseille   , montre connectée, accessoires      , garmin        ,          300.0, boutique paris, physique    , île-de-france       , 2023-02-01,        2,         600.0
         413.0, bob       ,       34.0, lyon        , smartphone      , téléphonie       , apple         ,         1200.0, e-shop        , en ligne    , national            , 2023-01-07,        3,        3600.0
         414.0, emma      ,       31.0, toulouse    , montre connectée, accessoires      , garmin        ,          300.0, e-shop        , en ligne    , national            , 2023-04-30,        5,        1500.0
         415.0, bob       ,       34.0, lyon        , montre connectée, accessoires      , garmin        ,          300.0, boutique paris, physique    , île-de-france       , 2023-01-17,        3,         900.0
         416.0, david     ,       40.0, bordeaux    , tablette        , informatique     , samsung       ,          600.0, boutique lyon , physique    , auvergne-rhône-alpes, 2023-04-16,        4,        2400.0
         417.0, emma      ,       31.0, toulouse    , ordinateur      , informatique     , dell          ,          800.0, boutique paris, physique    , île-de-france       , 2023-03-23,        1,         800.0
         418.0, david     ,       40.0, bordeaux    , tablette        , informatique     , samsung       ,          600.0, boutique lyon , physique    , auvergne-rhône-alpes, 2023-05-13,        3,        1800.0
         419.0, bob       ,       34.0, lyon        , montre connectée, accessoires      , garmin        ,          300.0, boutique lyon , physique    , auvergne-rhône-alpes, 2023-05-31,        2,         600.0
         420.0, bob       ,       34.0, lyon        , tablette        , informatique     , samsung       ,          600.0, boutique lyon , physique    , auvergne-rhône-alpes, 2023-01-15,        1,         600.0
         421.0, emma      ,       31.0, toulouse    , smartphone      , téléphonie       , apple         ,         1200.0, e-shop        , en ligne    , national            , 2023-02-12,        2,        2400.0
         422.0, charlie   ,       29.0, marseille   , smartphone      , téléphonie       , apple         ,         1200.0, e-shop        , en ligne    , national            , 2023-05-13,        3,        3600.0
         423.0, alice     ,       25.0, paris       , casque audio    , accessoires      , sony          ,          150.0, boutique paris, physique    , île-de-france       , 2023-06-12,        5,         750.0
         424.0, charlie   ,       29.0, marseille   , smartphone      , téléphonie       , apple         ,         1200.0, boutique lyon , physique    , auvergne-rhône-alpes, 2023-03-19,        5,        6000.0
         425.0, emma      ,       31.0, toulouse    , ordinateur      , informatique     , dell          ,          800.0, boutique lyon , physique    , auvergne-rhône-alpes, 2023-06-14,        2,        1600.0
         426.0, emma      ,       31.0, toulouse    , montre connectée, accessoires      , garmin        ,          300.0, boutique paris, physique    , île-de-france       , 2023-02-13,        5,        1500.0
         427.0, emma      ,       31.0, toulouse    , casque audio    , accessoires      , sony          ,          150.0, boutique lyon , physique    , auvergne-rhône-alpes, 2023-01-11,        1,         150.0
         428.0, alice     ,       25.0, paris       , ordinateur      , informatique     , dell          ,          800.0, boutique lyon , physique    , auvergne-rhône-alpes, 2023-05-28,        3,        2400.0
         429.0, bob       ,       34.0, lyon        , montre connectée, accessoires      , garmin        ,          300.0, e-shop        , en ligne    , national            , 2023-06-08,        1,         300.0
         430.0, david     ,       40.0, bordeaux    , montre connectée, accessoires      , garmin        ,          300.0, e-shop        , en ligne    , national            , 2023-06-14,        3,         900.0
         432.0, david     ,       40.0, bordeaux    , ordinateur      , informatique     , dell          ,          800.0, boutique lyon , physique    , auvergne-rhône-alpes, 2023-01-16,        2,        1600.0
         433.0, david     ,       40.0, bordeaux    , tablette        , informatique     , samsung       ,          600.0, e-shop        , en ligne    , national            , 2023-04-29,        2,        1200.0
         434.0, charlie   ,       29.0, marseille   , montre connectée, accessoires      , garmin        ,          300.0, boutique paris, physique    , île-de-france       , 2023-03-22,        3,         900.0
         435.0, charlie   ,       29.0, marseille   , tablette        , informatique     , samsung       ,          600.0, boutique paris, physique    , île-de-france       , 2023-04-05,        5,        3000.0
         436.0, emma      ,       31.0, toulouse    , ordinateur      , informatique     , dell          ,          800.0, e-shop        , en ligne    , national            , 2023-03-03,        4,        3200.0
         437.0, alice     ,       25.0, paris       , casque audio    , accessoires      , sony          ,          150.0, e-shop        , en ligne    , national            , 2023-03-05,        2,         300.0
         438.0, alice     ,       25.0, paris       , ordinateur      , informatique     , dell          ,          800.0, e-shop        , en ligne    , national            , 2023-04-09,        5,        4000.0
         439.0, david     ,       40.0, bordeaux    , smartphone      , téléphonie       , apple         ,         1200.0, boutique paris, physique    , île-de-france       , 2023-03-25,        5,        6000.0
         440.0, charlie   ,       29.0, marseille   , smartphone      , téléphonie       , apple         ,         1200.0, boutique paris, physique    , île-de-france       , 2023-05-08,        5,        6000.0
         441.0, david     ,       40.0, bordeaux    , tablette        , informatique     , samsung       ,          600.0, e-shop        , en ligne    , national            , 2023-05-08,        1,         600.0
         442.0, alice     ,       25.0, paris       , tablette        , informatique     , samsung       ,          600.0, boutique lyon , physique    , auvergne-rhône-alpes, 2023-04-28,        2,        1200.0
         443.0, bob       ,       34.0, lyon        , montre connectée, accessoires      , garmin        ,          300.0, e-shop        , en ligne    , national            , 2023-01-13,        1,         300.0
         444.0, charlie   ,       29.0, marseille   , tablette        , informatique     , samsung       ,          600.0, boutique lyon , physique    , auvergne-rhône-alpes, 2023-06-17,        4,        2400.0
         445.0, charlie   ,       29.0, marseille   , montre connectée, accessoires      , garmin        ,          300.0, boutique paris, physique    , île-de-france       , 2023-01-28,        4,        1200.0
         447.0, charlie   ,       29.0, marseille   , ordinateur      , informatique     , dell          ,          800.0, e-shop        , en ligne    , national            , 2023-01-14,        5,        4000.0
         448.0, emma      ,       31.0, toulouse    , smartphone      , téléphonie       , apple         ,         1200.0, e-shop        , en ligne    , national            , 2023-05-22,        3,        3600.0
         449.0, alice     ,       25.0, paris       , tablette        , informatique     , samsung       ,          600.0, boutique lyon , physique    , auvergne-rhône-alpes, 2023-04-26,        5,        3000.0
         450.0, charlie   ,       29.0, marseille   , montre connectée, accessoires      , garmin        ,          300.0, boutique lyon , physique    , auvergne-rhône-alpes, 2023-06-06,        1,         300.0
         451.0, bob       ,       34.0, lyon        , ordinateur      , informatique     , dell          ,          800.0, e-shop        , en ligne    , national            , 2023-04-06,        3,        2400.0
         452.0, emma      ,       31.0, toulouse    , casque audio    , accessoires      , sony          ,          150.0, boutique paris, physique    , île-de-france       , 2023-02-20,        5,         750.0
         453.0, emma      ,       31.0, toulouse    , tablette        , informatique     , samsung       ,          600.0, boutique lyon , physique    , auvergne-rhône-alpes, 2023-01-11,        1,         600.0
         454.0, alice     ,       25.0, paris       , smartphone      , téléphonie       , apple         ,         1200.0, boutique lyon , physique    , auvergne-rhône-alpes, 2023-03-27,        4,        4800.0
         455.0, emma      ,       31.0, toulouse    , tablette        , informatique     , samsung       ,          600.0, boutique paris, physique    , île-de-france       , 2023-06-05,        5,        3000.0
         456.0, bob       ,       34.0, lyon        , casque audio    , accessoires      , sony          ,          150.0, boutique lyon , physique    , auvergne-rhône-alpes, 2023-03-23,        2,         300.0
         457.0, david     ,       40.0, bordeaux    , montre connectée, accessoires      , garmin        ,          300.0, boutique lyon , physique    , auvergne-rhône-alpes, 2023-03-18,        5,        1500.0
         458.0, charlie   ,       29.0, marseille   , montre connectée, accessoires      , garmin        ,          300.0, boutique lyon , physique    , auvergne-rhône-alpes, 2023-05-17,        4,        1200.0
         459.0, emma      ,       31.0, toulouse    , casque audio    , accessoires      , sony          ,          150.0, e-shop        , en ligne    , national            , 2023-01-05,        3,         450.0
         460.0, charlie   ,       29.0, marseille   , ordinateur      , informatique     , dell          ,          800.0, e-shop        , en ligne    , national            , 2023-05-30,        3,        2400.0
         461.0, alice     ,       25.0, paris       , montre connectée, accessoires      , garmin        ,          300.0, e-shop        , en ligne    , national            , 2023-03-09,        5,        1500.0
         462.0, emma      ,       31.0, toulouse    , smartphone      , téléphonie       , apple         ,         1200.0, boutique lyon , physique    , auvergne-rhône-alpes, 2023-01-14,        5,        6000.0
         464.0, david     ,       40.0, bordeaux    , smartphone      , téléphonie       , apple         ,         1200.0, boutique lyon , physique    , auvergne-rhône-alpes, 2023-03-04,        1,        1200.0
         465.0, emma      ,       31.0, toulouse    , ordinateur      , informatique     , dell          ,          800.0, boutique paris, physique    , île-de-france       , 2023-01-05,        4,        3200.0
         466.0, charlie   ,       29.0, marseille   , tablette        , informatique     , samsung       ,          600.0, boutique paris, physique    , île-de-france       , 2023-04-16,        2,        1200.0
         467.0, david     ,       40.0, bordeaux    , montre connectée, accessoires      , garmin        ,          300.0, boutique lyon , physique    , auvergne-rhône-alpes, 2023-05-01,        1,         300.0
         468.0, bob       ,       34.0, lyon        , montre connectée, accessoires      , garmin        ,          300.0, boutique paris, physique    , île-de-france       , 2023-05-24,        3,         900.0
         469.0, david     ,       40.0, bordeaux    , montre connectée, accessoires      , garmin        ,          300.0, e-shop        , en ligne    , national            , 2023-03-22,        2,         600.0
         470.0, david     ,       40.0, bordeaux    , montre connectée, accessoires      , garmin        ,          300.0, e-shop        , en ligne    , national            , 2023-05-20,        3,         900.0
         471.0, charlie   ,       29.0, marseille   , montre connectée, accessoires      , garmin        ,          300.0, e-shop        , en ligne    , national            , 2023-02-19,        2,         600.0
         472.0, charlie   ,       29.0, marseille   , montre connectée, accessoires      , garmin        ,          300.0, e-shop        , en ligne    , national            , 2023-02-27,        3,         900.0
         473.0, charlie   ,       29.0, marseille   , smartphone      , téléphonie       , apple         ,         1200.0, boutique lyon , physique    , auvergne-rhône-alpes, 2023-05-06,        3,        3600.0
         474.0, david     ,       40.0, bordeaux    , casque audio    , accessoires      , sony          ,          150.0, boutique lyon , physique    , auvergne-rhône-alpes, 2023-03-12,        3,         450.0
         475.0, alice     ,       25.0, paris       , montre connectée, accessoires      , garmin        ,          300.0, boutique lyon , physique    , auvergne-rhône-alpes, 2023-05-20,        4,        1200.0
         476.0, david     ,       40.0, bordeaux    , casque audio    , accessoires      , sony          ,          150.0, boutique paris, physique    , île-de-france       , 2023-03-16,        1,         150.0
         477.0, charlie   ,       29.0, marseille   , ordinateur      , informatique     , dell          ,          800.0, e-shop        , en ligne    , national            , 2023-04-24,        3,        2400.0
         478.0, david     ,       40.0, bordeaux    , smartphone      , téléphonie       , apple         ,         1200.0, boutique paris, physique    , île-de-france       , 2023-05-18,        3,        3600.0
         479.0, emma      ,       31.0, toulouse    , casque audio    , accessoires      , sony          ,          150.0, boutique paris, physique    , île-de-france       , 2023-01-28,        5,         750.0
         480.0, emma      ,       31.0, toulouse    , smartphone      , téléphonie       , apple         ,         1200.0, boutique paris, physique    , île-de-france       , 2023-01-13,        5,        6000.0
         481.0, bob       ,       34.0, lyon        , smartphone      , téléphonie       , apple         ,         1200.0, boutique paris, physique    , île-de-france       , 2023-01-26,        4,        4800.0
         482.0, charlie   ,       29.0, marseille   , tablette        , informatique     , samsung       ,          600.0, boutique paris, physique    , île-de-france       , 2023-06-24,        2,        1200.0
         483.0, alice     ,       25.0, paris       , montre connectée, accessoires      , garmin        ,          300.0, boutique paris, physique    , île-de-france       , 2023-04-15,        4,        1200.0
         484.0, david     ,       40.0, bordeaux    , smartphone      , téléphonie       , apple         ,         1200.0, e-shop        , en ligne    , national            , 2023-03-24,        3,        3600.0
         485.0, alice     ,       25.0, paris       , ordinateur      , informatique     , dell          ,          800.0, boutique lyon , physique    , auvergne-rhône-alpes, 2023-05-27,        2,        1600.0
         486.0, emma      ,       31.0, toulouse    , ordinateur      , informatique     , dell          ,          800.0, boutique paris, physique    , île-de-france       , 2023-04-17,        2,        1600.0
         487.0, alice     ,       25.0, paris       , tablette        , informatique     , samsung       ,          600.0, e-shop        , en ligne    , national            , 2023-02-17,        3,        1800.0
         488.0, alice     ,       25.0, paris       , ordinateur      , informatique     , dell          ,          800.0, e-shop        , en ligne    , national            , 2023-05-26,        5,        4000.0
         489.0, alice     ,       25.0, paris       , casque audio    , accessoires      , sony          ,          150.0, e-shop        , en ligne    , national            , 2023-04-27,        5,         750.0
         490.0, emma      ,       31.0, toulouse    , tablette        , informatique     , samsung       ,          600.0, boutique paris, physique    , île-de-france       , 2023-05-10,        4,        2400.0
         491.0, charlie   ,       29.0, marseille   , smartphone      , téléphonie       , apple         ,         1200.0, boutique paris, physique    , île-de-france       , 2023-03-26,        2,        2400.0
         492.0, david     ,       40.0, bordeaux    , casque audio    , accessoires      , sony          ,          150.0, boutique lyon , physique    , auvergne-rhône-alpes, 2023-02-17,        1,         150.0
         493.0, charlie   ,       29.0, marseille   , casque audio    , accessoires      , sony          ,          150.0, boutique lyon , physique    , auvergne-rhône-alpes, 2023-06-22,        2,         300.0
         494.0, bob       ,       34.0, lyon        , montre connectée, accessoires      , garmin        ,          300.0, boutique lyon , physique    , auvergne-rhône-alpes, 2023-04-14,        4,        1200.0
         495.0, emma      ,       31.0, toulouse    , casque audio    , accessoires      , sony          ,          150.0, boutique paris, physique    , île-de-france       , 2023-04-13,        1,         150.0
